algorithm,benchmark,seed,evaluations,best_value
evolution_strategy,sphere,0,100,46.03992217452115
evolution_strategy,sphere,0,200,38.5687726587475
evolution_strategy,sphere,0,300,33.890509842626535
evolution_strategy,sphere,0,400,27.712535179791313
evolution_strategy,sphere,0,500,20.234308630209878
evolution_strategy,sphere,0,600,13.667865424517458
evolution_strategy,sphere,0,700,12.436993981357169
evolution_strategy,sphere,0,800,7.983725653919309
evolution_strategy,sphere,0,900,3.8526005430193764
evolution_strategy,sphere,0,1000,3.784507058709785
evolution_strategy,sphere,0,1100,3.1406661264642954
evolution_strategy,sphere,0,1200,2.095051248810495
evolution_strategy,sphere,0,1300,1.4293227178622883
evolution_strategy,sphere,0,1400,0.980838032975265
evolution_strategy,sphere,0,1500,0.8971407301059364
evolution_strategy,sphere,0,1600,0.8971407301059364
evolution_strategy,sphere,0,1700,0.6702418702765995
evolution_strategy,sphere,0,1800,0.3580536225356873
evolution_strategy,sphere,0,1900,0.31945019233098604
evolution_strategy,sphere,0,2000,0.26537779236453846
evolution_strategy,sphere,0,2100,0.21707254203560017
evolution_strategy,sphere,0,2200,0.1653698886525466
evolution_strategy,sphere,0,2300,0.13753256396429808
evolution_strategy,sphere,0,2400,0.13484681921251396
evolution_strategy,sphere,0,2500,0.09515220415760298
evolution_strategy,sphere,0,2600,0.06474633661079433
evolution_strategy,sphere,0,2700,0.04556045243124702
evolution_strategy,sphere,0,2800,0.04556045243124702
evolution_strategy,sphere,0,2900,0.0398070758806942
evolution_strategy,sphere,0,3000,0.025569010498759044
evolution_strategy,sphere,0,3100,0.014863708527536306
evolution_strategy,sphere,0,3200,0.010884894648678907
evolution_strategy,sphere,0,3300,0.010884894648678907
evolution_strategy,sphere,0,3400,0.008658180959369238
evolution_strategy,sphere,0,3500,0.006764320813873693
evolution_strategy,sphere,0,3600,0.006628923077153403
evolution_strategy,sphere,0,3700,0.005114534357321078
evolution_strategy,sphere,0,3800,0.0028552432740310027
evolution_strategy,sphere,0,3900,0.00209929059595476
evolution_strategy,sphere,0,4000,0.0013521498706824612
evolution_strategy,sphere,0,4100,0.0010455839935532949
evolution_strategy,sphere,0,4200,0.0007611879261668627
evolution_strategy,sphere,0,4300,0.0007611879261668627
evolution_strategy,sphere,0,4400,0.0007611879261668627
evolution_strategy,sphere,0,4500,0.00041830065421028466
evolution_strategy,sphere,0,4600,0.00041830065421028466
evolution_strategy,sphere,0,4700,0.0004157964450022389
evolution_strategy,sphere,0,4800,0.0004157964450022389
evolution_strategy,sphere,0,4900,0.0003036136362080808
evolution_strategy,sphere,0,5000,0.0003036136362080808
evolution_strategy,sphere,0,5100,0.00019928328138587347
evolution_strategy,sphere,0,5200,0.00019928328138587347
evolution_strategy,sphere,0,5300,0.00014553872627874387
evolution_strategy,sphere,0,5400,5.2550461522035436e-05
evolution_strategy,sphere,0,5500,4.4887273378288864e-05
evolution_strategy,sphere,0,5600,4.4887273378288864e-05
evolution_strategy,sphere,0,5700,4.114773274668165e-05
evolution_strategy,sphere,0,5800,3.3587692384824525e-05
evolution_strategy,sphere,0,5900,3.3587692384824525e-05
evolution_strategy,sphere,0,6000,2.520751446912834e-05
evolution_strategy,sphere,0,6100,1.4010299792862017e-05
evolution_strategy,sphere,0,6200,1.1609868884706038e-05
evolution_strategy,sphere,0,6300,9.455065985973896e-06
evolution_strategy,sphere,0,6400,7.485409010875618e-06
evolution_strategy,sphere,0,6500,6.367323894243951e-06
evolution_strategy,sphere,0,6600,2.7670533839196696e-06
evolution_strategy,sphere,0,6700,2.6496830078833564e-06
evolution_strategy,sphere,0,6800,2.6496830078833564e-06
evolution_strategy,sphere,0,6900,1.446802698246784e-06
evolution_strategy,sphere,0,7000,1.3832535012282141e-06
evolution_strategy,sphere,0,7100,8.171083684563716e-07
evolution_strategy,sphere,0,7200,8.171083684563716e-07
evolution_strategy,sphere,0,7300,7.336388558915548e-07
evolution_strategy,sphere,0,7400,6.439281156328937e-07
evolution_strategy,sphere,0,7500,3.9858888664886716e-07
evolution_strategy,sphere,0,7600,3.9858888664886716e-07
evolution_strategy,sphere,0,7700,3.9858888664886716e-07
evolution_strategy,sphere,0,7800,2.7531544903874346e-07
evolution_strategy,sphere,0,7900,2.351176725841504e-07
evolution_strategy,sphere,0,8000,1.1044059519900323e-07
evolution_strategy,sphere,0,8100,8.433021499540154e-08
evolution_strategy,sphere,0,8200,8.191873083964126e-08
evolution_strategy,sphere,0,8300,6.859090044432961e-08
evolution_strategy,sphere,0,8400,5.428792895535458e-08
evolution_strategy,sphere,0,8500,3.606055110996067e-08
evolution_strategy,sphere,0,8600,1.5458046198000926e-08
evolution_strategy,sphere,0,8700,1.5458046198000926e-08
evolution_strategy,sphere,0,8800,1.5458046198000926e-08
evolution_strategy,sphere,0,8900,1.4581376213127979e-08
evolution_strategy,sphere,0,9000,1.1620589321364093e-08
evolution_strategy,sphere,0,9100,7.590032878224552e-09
evolution_strategy,sphere,0,9200,6.5309165154180285e-09
evolution_strategy,sphere,0,9300,4.571139890420823e-09
evolution_strategy,sphere,0,9400,3.133132849618044e-09
evolution_strategy,sphere,0,9500,2.3210810446052297e-09
evolution_strategy,sphere,0,9600,1.7260785239380881e-09
evolution_strategy,sphere,0,9700,1.1148069228593429e-09
evolution_strategy,sphere,0,9800,9.071827003704497e-10
evolution_strategy,sphere,0,9900,7.036209513074486e-10
evolution_strategy,sphere,0,10000,4.545374854381955e-10
evolution_strategy,sphere,0,10100,3.643469717909779e-10
evolution_strategy,sphere,0,10200,3.643469717909779e-10
evolution_strategy,sphere,0,10300,2.2556110033006182e-10
evolution_strategy,sphere,0,10400,1.572575710869017e-10
evolution_strategy,sphere,0,10500,1.5529602493438126e-10
evolution_strategy,sphere,0,10600,1.5529602493438126e-10
evolution_strategy,sphere,0,10700,6.812307127390664e-11
evolution_strategy,sphere,0,10800,6.812307127390664e-11
evolution_strategy,sphere,0,10900,3.9394671415051114e-11
evolution_strategy,sphere,0,11000,3.295815574330704e-11
evolution_strategy,sphere,0,11100,2.3408754475276e-11
evolution_strategy,sphere,0,11200,1.8886200591976855e-11
evolution_strategy,sphere,0,11300,1.2037772482331477e-11
evolution_strategy,sphere,0,11400,8.654540940012052e-12
evolution_strategy,sphere,0,11500,4.88910216028184e-12
evolution_strategy,sphere,0,11600,4.88910216028184e-12
evolution_strategy,sphere,0,11700,2.8297384697973825e-12
evolution_strategy,sphere,0,11800,2.8297384697973825e-12
evolution_strategy,sphere,0,11900,2.5752271605396394e-12
evolution_strategy,sphere,0,12000,2.07422540317446e-12
evolution_strategy,sphere,0,12100,1.1910356592398486e-12
evolution_strategy,sphere,0,12200,1.166339828689131e-12
evolution_strategy,sphere,0,12300,6.11170161499934e-13
evolution_strategy,sphere,0,12400,6.11170161499934e-13
evolution_strategy,sphere,0,12500,4.813522748989447e-13
evolution_strategy,sphere,0,12600,3.78599541970869e-13
evolution_strategy,sphere,0,12700,3.7270101961818825e-13
evolution_strategy,sphere,0,12800,2.019565737421276e-13
evolution_strategy,sphere,0,12900,1.339944932831147e-13
evolution_strategy,sphere,0,13000,1.2151126676437948e-13
evolution_strategy,sphere,0,13100,9.850200668039075e-14
evolution_strategy,sphere,0,13200,5.1348314947609315e-14
evolution_strategy,sphere,0,13300,5.1348314947609315e-14
evolution_strategy,sphere,0,13400,4.715853437849109e-14
evolution_strategy,sphere,0,13500,3.366681052467919e-14
evolution_strategy,sphere,0,13600,3.031978167188481e-14
evolution_strategy,sphere,0,13700,2.5076114120979883e-14
evolution_strategy,sphere,0,13800,2.3762542239494445e-14
evolution_strategy,sphere,0,13900,1.9408376891030268e-14
evolution_strategy,sphere,0,14000,1.3315251118931266e-14
evolution_strategy,sphere,0,14100,1.134274878039407e-14
evolution_strategy,sphere,0,14200,7.150958692327921e-15
evolution_strategy,sphere,0,14300,7.150958692327921e-15
evolution_strategy,sphere,0,14400,5.998025773104152e-15
evolution_strategy,sphere,0,14500,5.090411414232751e-15
evolution_strategy,sphere,0,14600,1.7393403945675864e-15
evolution_strategy,sphere,0,14700,1.7393403945675864e-15
evolution_strategy,sphere,0,14800,1.7393403945675864e-15
evolution_strategy,sphere,0,14900,1.7393403945675864e-15
evolution_strategy,sphere,0,15000,7.623875430863398e-16
evolution_strategy,sphere,0,15100,7.623875430863398e-16
evolution_strategy,sphere,0,15200,5.893819987591718e-16
evolution_strategy,sphere,0,15300,5.893819987591718e-16
evolution_strategy,sphere,0,15400,5.893819987591718e-16
evolution_strategy,sphere,0,15500,5.893819987591718e-16
evolution_strategy,sphere,0,15600,5.893819987591718e-16
evolution_strategy,sphere,0,15700,5.893819987591718e-16
evolution_strategy,sphere,0,15800,5.893819987591718e-16
evolution_strategy,sphere,0,15900,5.893819987591718e-16
evolution_strategy,sphere,0,16000,5.893819987591718e-16
evolution_strategy,sphere,0,16100,5.893819987591718e-16
evolution_strategy,sphere,0,16200,5.893819987591718e-16
evolution_strategy,sphere,0,16300,5.893819987591718e-16
evolution_strategy,sphere,0,16400,4.1882502548941084e-16
evolution_strategy,sphere,0,16500,4.1882502548941084e-16
evolution_strategy,sphere,0,16600,4.1882502548941084e-16
evolution_strategy,sphere,0,16700,4.1882502548941084e-16
evolution_strategy,sphere,0,16800,4.1882502548941084e-16
evolution_strategy,sphere,0,16900,4.1882502548941084e-16
evolution_strategy,sphere,0,17000,4.1882502548941084e-16
evolution_strategy,sphere,0,17100,4.1882502548941084e-16
evolution_strategy,sphere,0,17200,4.1882502548941084e-16
evolution_strategy,sphere,0,17300,4.1882502548941084e-16
evolution_strategy,sphere,0,17400,4.1882502548941084e-16
evolution_strategy,sphere,0,17500,4.1882502548941084e-16
evolution_strategy,sphere,0,17600,4.1882502548941084e-16
evolution_strategy,sphere,0,17700,4.083228756542619e-16
evolution_strategy,sphere,0,17800,4.083228756542619e-16
evolution_strategy,sphere,0,17900,4.083228756542619e-16
evolution_strategy,sphere,0,18000,4.083228756542619e-16
evolution_strategy,sphere,0,18100,4.083228756542619e-16
evolution_strategy,sphere,0,18200,2.2764729542220724e-16
evolution_strategy,sphere,0,18300,2.2764729542220724e-16
evolution_strategy,sphere,0,18400,2.2764729542220724e-16
evolution_strategy,sphere,0,18500,2.27586460139661e-16
evolution_strategy,sphere,0,18600,2.27586460139661e-16
evolution_strategy,sphere,0,18700,2.27586460139661e-16
evolution_strategy,sphere,0,18800,2.27586460139661e-16
evolution_strategy,sphere,0,18900,2.27586460139661e-16
evolution_strategy,sphere,0,19000,2.27586460139661e-16
evolution_strategy,sphere,0,19100,2.27586460139661e-16
evolution_strategy,sphere,0,19200,2.27586460139661e-16
evolution_strategy,sphere,0,19300,2.27586460139661e-16
evolution_strategy,sphere,0,19400,2.27586460139661e-16
evolution_strategy,sphere,0,19500,2.27586460139661e-16
evolution_strategy,sphere,0,19600,2.27586460139661e-16
evolution_strategy,sphere,0,19700,2.27586460139661e-16
evolution_strategy,sphere,0,19800,2.27586460139661e-16
evolution_strategy,sphere,0,19900,2.27586460139661e-16
evolution_strategy,sphere,0,20000,2.27586460139661e-16
